Model,MSE,R2 Score
Linear Regression,11.934778656816253,0.9751312350380323
Ridge Regression,11.93493234542346,0.9751309147936474
